{
  "accuracy": [
    0.5927711129188538,
    0.6457831263542175,
    0.6915662884712219,
    0.6995983719825745,
    0.7156626582145691,
    0.7244979739189148,
    0.7606425881385803,
    0.7365461587905884,
    0.746184766292572,
    0.7485944032669067,
    0.7775100469589233,
    0.7614457607269287,
    0.7903614640235901,
    0.7911646366119385,
    0.8072289228439331,
    0.7927711009979248,
    0.8032128810882568,
    0.8152610659599304,
    0.8040160536766052,
    0.8297188878059387
  ],
  "loss": [
    0.9809775948524475,
    0.80521160364151,
    0.6969518661499023,
    0.648781418800354,
    0.6007450222969055,
    0.5853648781776428,
    0.5431091785430908,
    0.5647203326225281,
    0.560846745967865,
    0.5431899428367615,
    0.5013522505760193,
    0.5155425667762756,
    0.4808081388473511,
    0.44462794065475464,
    0.443886935710907,
    0.4387158155441284,
    0.4382094740867615,
    0.41811931133270264,
    0.416904479265213,
    0.40082821249961853
  ],
  "val_accuracy": [
    0.0,
    0.7083333134651184,
    0.7083333134651184,
    0.7692307829856873,
    0.7435897588729858,
    0.7660256624221802,
    0.817307710647583,
    0.8301281929016113,
    0.8493589758872986,
    0.8525640964508057,
    0.8141025900840759,
    0.8878205418586731,
    0.8782051205635071,
    0.8333333134651184,
    0.8782051205635071,
    0.8461538553237915,
    0.8653846383094788,
    0.8942307829856873,
    0.9038461446762085,
    0.8942307829856873
  ],
  "val_loss": [
    1.391829490661621,
    1.0455409288406372,
    0.8875709772109985,
    0.8840094208717346,
    0.7919726967811584,
    0.6375913619995117,
    0.4543883502483368,
    0.38049256801605225,
    0.3359774053096771,
    0.3410956859588623,
    0.3774546682834625,
    0.3295809030532837,
    0.3522491157054901,
    0.37600836157798767,
    0.321208655834198,
    0.3517022728919983,
    0.3195067346096039,
    0.32707032561302185,
    0.27302366495132446,
    0.30536794662475586
  ],
  "learning_rate": [
    9.999999747378752e-05,
    9.999999747378752e-05,
    9.999999747378752e-05,
    9.999999747378752e-05,
    9.999999747378752e-05,
    9.999999747378752e-05,
    9.999999747378752e-05,
    9.999999747378752e-05,
    9.999999747378752e-05,
    9.999999747378752e-05,
    9.999999747378752e-05,
    9.999999747378752e-05,
    9.999999747378752e-05,
    9.999999747378752e-05,
    9.999999747378752e-05,
    9.999999747378752e-05,
    9.999999747378752e-05,
    9.999999747378752e-05,
    9.999999747378752e-05,
    9.999999747378752e-05
  ]
}